{
  "Ansi 12 Color (Light)" : {
    "Red Component" : 0.22745098039215686,
    "Color Space" : "sRGB",
    "Blue Component" : 0.77254901960784317,
    "Alpha Component" : 1,
    "Green Component" : 0.58039215686274515
  },
  "Ansi 15 Color (Dark)" : {
    "Red Component" : 1,
    "Color Space" : "sRGB",
    "Blue Component" : 0.93725490196078431,
    "Alpha Component" : 1,
    "Green Component" : 0.98431372549019602
  },
  "Foreground Color (Dark)" : {
    "Red Component" : 0.82745098039215681,
    "Color Space" : "sRGB",
    "Blue Component" : 0.66666666666666663,
    "Alpha Component" : 1,
    "Green Component" : 0.77647058823529413
  },
  "Cursor Text Color" : {
    "Red Component" : 1,
    "Color Space" : "sRGB",
    "Blue Component" : 1,
    "Alpha Component" : 1,
    "Green Component" : 1
  },
  "Prompt Before Closing 2" : false,
  "Unicode Normalization" : 0,
  "Ansi 3 Color (Dark)" : {
    "Red Component" : 0.85882352941176465,
    "Color Space" : "sRGB",
    "Blue Component" : 0.49803921568627452,
    "Alpha Component" : 1,
    "Green Component" : 0.73725490196078436
  },
  "Ansi 12 Color (Dark)" : {
    "Red Component" : 0.22745098039215686,
    "Color Space" : "sRGB",
    "Blue Component" : 0.77254901960784317,
    "Alpha Component" : 1,
    "Green Component" : 0.58039215686274515
  },
  "Initial Use Transparency" : true,
  "Mouse Reporting" : true,
  "Allow modifyOtherKeys" : true,
  "Use Underline Color (Light)" : false,
  "Disable Window Resizing" : true,
  "BM Growl" : false,
  "Background Color (Dark)" : {
    "Red Component" : 0.17647058823529413,
    "Color Space" : "P3",
    "Blue Component" : 0.23137254901960785,
    "Alpha Component" : 1,
    "Green Component" : 0.20784313725490197
  },
  "Guid" : "785622AA-7E60-471E-A535-023582353C0D",
  "Cursor Color (Dark)" : {
    "Red Component" : 0.99999994039535522,
    "Color Space" : "P3",
    "Blue Component" : 1,
    "Alpha Component" : 1,
    "Green Component" : 1
  },
  "Initial Text" : "desktop",
  "Selection Color (Dark)" : {
    "Red Component" : 0.32941176470588235,
    "Color Space" : "sRGB",
    "Blue Component" : 0.28235294117647058,
    "Alpha Component" : 1,
    "Green Component" : 0.22745098039215686
  },
  "Scrollback Lines" : 1000,
  "Badge Color (Dark)" : {
    "Red Component" : 0.90196078431372551,
    "Color Space" : "sRGB",
    "Blue Component" : 0.45882352941176469,
    "Alpha Component" : 1,
    "Green Component" : 0.59607843137254901
  },
  "Ansi 0 Color (Dark)" : {
    "Red Component" : 0,
    "Color Space" : "P3",
    "Blue Component" : 0,
    "Alpha Component" : 1,
    "Green Component" : 0
  },
  "Transparency" : 0,
  "Use Bright Bold" : true,
  "Horizontal Spacing" : 1,
  "Ansi 13 Color (Light)" : {
    "Red Component" : 0.87450980392156863,
    "Color Space" : "sRGB",
    "Blue Component" : 0.72941176470588232,
    "Alpha Component" : 1,
    "Green Component" : 0.41176470588235292
  },
  "Blur" : false,
  "Ansi 13 Color" : {
    "Red Component" : 0.8821563720703125,
    "Color Space" : "sRGB",
    "Blue Component" : 0.8821563720703125,
    "Alpha Component" : 1,
    "Green Component" : 0.4927266538143158
  },
  "Ansi 2 Color (Dark)" : {
    "Red Component" : 0.65490196078431373,
    "Color Space" : "sRGB",
    "Blue Component" : 0.50196078431372548,
    "Alpha Component" : 1,
    "Green Component" : 0.75294117647058822
  },
  "Cursor Color" : {
    "Red Component" : 0,
    "Color Space" : "sRGB",
    "Blue Component" : 0,
    "Alpha Component" : 1,
    "Green Component" : 0
  },
  "Use Cursor Guide (Light)" : false,
  "Option Key Sends" : 0,
  "Idle Code" : 0,
  "Ansi 13 Color (Dark)" : {
    "Red Component" : 0.87450980392156863,
    "Color Space" : "sRGB",
    "Blue Component" : 0.72941176470588232,
    "Alpha Component" : 1,
    "Green Component" : 0.41176470588235292
  },
  "Send Code When Idle" : false,
  "Selection Color" : {
    "Red Component" : 0.70196080207824707,
    "Color Space" : "sRGB",
    "Blue Component" : 1,
    "Alpha Component" : 1,
    "Green Component" : 0.84313726425170898
  },
  "Terminal Type" : "xterm-256color",
  "Cursor Boost (Dark)" : 0,
  "Right Option Key Sends" : 0,
  "Background Color" : {
    "Red Component" : 0.97999999999999998,
    "Color Space" : "sRGB",
    "Blue Component" : 0.97999999999999998,
    "Alpha Component" : 1,
    "Green Component" : 0.97999999999999998
  },
  "Show Mark Indicators" : false,
  "Ansi 10 Color (Dark)" : {
    "Red Component" : 0.55294117647058827,
    "Color Space" : "sRGB",
    "Blue Component" : 0.0039215686274509803,
    "Alpha Component" : 1,
    "Green Component" : 0.63137254901960782
  },
  "Ansi 10 Color" : {
    "Red Component" : 0.3450070321559906,
    "Color Space" : "sRGB",
    "Blue Component" : 0.56541937589645386,
    "Alpha Component" : 1,
    "Green Component" : 0.9042816162109375
  },
  "Vertical Spacing" : 1,
  "Use Tab Color (Light)" : false,
  "Columns" : 80,
  "Ansi 2 Color (Light)" : {
    "Red Component" : 0.65490196078431373,
    "Color Space" : "sRGB",
    "Blue Component" : 0.50196078431372548,
    "Alpha Component" : 1,
    "Green Component" : 0.75294117647058822
  },
  "Screen" : -1,
  "Cursor Text Color (Dark)" : {
    "Red Component" : 0.32941176470588235,
    "Color Space" : "sRGB",
    "Blue Component" : 0.28235294117647058,
    "Alpha Component" : 1,
    "Green Component" : 0.22745098039215686
  },
  "Description" : "Default",
  "Unlimited Scrollback" : false,
  "Use Italic Font" : true,
  "Working Directory" : "\/Users\/max",
  "Selected Text Color (Dark)" : {
    "Red Component" : 0.82745098039215681,
    "Color Space" : "sRGB",
    "Blue Component" : 0.66666666666666663,
    "Alpha Component" : 1,
    "Green Component" : 0.77647058823529413
  },
  "Use Cursor Guide (Dark)" : false,
  "Visual Bell" : true,
  "Link Color (Light)" : {
    "Red Component" : 0.49803921568627452,
    "Color Space" : "sRGB",
    "Blue Component" : 0.70196078431372544,
    "Alpha Component" : 1,
    "Green Component" : 0.73333333333333328
  },
  "Ansi 1 Color (Dark)" : {
    "Red Component" : 0.90196078431372551,
    "Color Space" : "sRGB",
    "Blue Component" : 0.50196078431372548,
    "Alpha Component" : 1,
    "Green Component" : 0.49411764705882355
  },
  "Default Bookmark" : "No",
  "Ansi 14 Color (Light)" : {
    "Red Component" : 0.20784313725490197,
    "Color Space" : "sRGB",
    "Blue Component" : 0.48627450980392156,
    "Alpha Component" : 1,
    "Green Component" : 0.65490196078431373
  },
  "Ansi 7 Color (Light)" : {
    "Red Component" : 0.94901960784313721,
    "Color Space" : "sRGB",
    "Blue Component" : 0.87450980392156863,
    "Alpha Component" : 1,
    "Green Component" : 0.93725490196078431
  },
  "Ansi 3 Color (Light)" : {
    "Red Component" : 0.85882352941176465,
    "Color Space" : "sRGB",
    "Blue Component" : 0.49803921568627452,
    "Alpha Component" : 1,
    "Green Component" : 0.73725490196078436
  },
  "Prevent Opening in a Tab" : true,
  "Title Components" : 1,
  "Ansi 9 Color (Dark)" : {
    "Red Component" : 0.97254901960784312,
    "Color Space" : "sRGB",
    "Blue Component" : 0.32156862745098042,
    "Alpha Component" : 1,
    "Green Component" : 0.33333333333333331
  },
  "Badge Color (Light)" : {
    "Red Component" : 0.90196078431372551,
    "Color Space" : "sRGB",
    "Blue Component" : 0.45882352941176469,
    "Alpha Component" : 1,
    "Green Component" : 0.59607843137254901
  },
  "Ansi 14 Color (Dark)" : {
    "Red Component" : 0.20784313725490197,
    "Color Space" : "sRGB",
    "Blue Component" : 0.48627450980392156,
    "Alpha Component" : 1,
    "Green Component" : 0.65490196078431373
  },
  "Tags" : [

  ],
  "Link Color (Dark)" : {
    "Red Component" : 0.49803921568627452,
    "Color Space" : "sRGB",
    "Blue Component" : 0.70196078431372544,
    "Alpha Component" : 1,
    "Green Component" : 0.73333333333333328
  },
  "Custom Command" : "No",
  "Jobs to Ignore" : [
    "rlogin",
    "ssh",
    "slogin",
    "telnet"
  ],